-- MySQL dump 10.13  Distrib 5.1.73, for redhat-linux-gnu (x86_64)
--
-- Host: localhost    Database: millerl2_db
-- ------------------------------------------------------
-- Server version	5.1.73

/*!40101 SET @OLD_CHARACTER_SET_CLIENT=@@CHARACTER_SET_CLIENT */;
/*!40101 SET @OLD_CHARACTER_SET_RESULTS=@@CHARACTER_SET_RESULTS */;
/*!40101 SET @OLD_COLLATION_CONNECTION=@@COLLATION_CONNECTION */;
/*!40101 SET NAMES utf8 */;
/*!40103 SET @OLD_TIME_ZONE=@@TIME_ZONE */;
/*!40103 SET TIME_ZONE='+00:00' */;
/*!40014 SET @OLD_UNIQUE_CHECKS=@@UNIQUE_CHECKS, UNIQUE_CHECKS=0 */;
/*!40014 SET @OLD_FOREIGN_KEY_CHECKS=@@FOREIGN_KEY_CHECKS, FOREIGN_KEY_CHECKS=0 */;
/*!40101 SET @OLD_SQL_MODE=@@SQL_MODE, SQL_MODE='NO_AUTO_VALUE_ON_ZERO' */;
/*!40111 SET @OLD_SQL_NOTES=@@SQL_NOTES, SQL_NOTES=0 */;

--
-- Table structure for table `BookLocations1`
--

DROP TABLE IF EXISTS `BookLocations1`;
/*!40101 SET @saved_cs_client     = @@character_set_client */;
/*!40101 SET character_set_client = utf8 */;
CREATE TABLE `BookLocations1` (
  `ShelfNo` int(10) NOT NULL,
  `First` char(20) NOT NULL,
  `Last` char(20) NOT NULL,
  `Map` char(10) NOT NULL,
  PRIMARY KEY (`ShelfNo`)
) ENGINE=MyISAM DEFAULT CHARSET=latin1;
/*!40101 SET character_set_client = @saved_cs_client */;

--
-- Dumping data for table `BookLocations1`
--

LOCK TABLES `BookLocations1` WRITE;
/*!40000 ALTER TABLE `BookLocations1` DISABLE KEYS */;
INSERT INTO `BookLocations1` VALUES (1,'AC1.G72','AZ999.M6','1'),(2,'B72.F4','B131.D3v.5','1'),(3,'B131.E2','B243.G66','1'),(4,'B234.G881987','B801.H3','1'),(5,'B801.L441968','B945.M2984M221970','1'),(6,'B945.M461R4','B1646.H23P51968','1'),(7,'B1646.H24V641984','B2779.S451974','1'),(8,'B2779.S51962','B3998.W63','1'),(9,'B3998.W651983','B5802.A89A971992','1'),(10,'BD215.S881969','BD701.W36','1'),(11,'BF108.U5A5','BF181.G31951','1'),(12,'BF181.G31980','BF455.H6751965','1'),(13,'BF455.I531992','BF692.R38','1'),(14,'BF692.R4','BF721.R33','1'),(15,'BF721.R34','BF1141.B681976','1'),(16,'BF1141.C4731966','BJ1287.C631974','1'),(17,'BJ1287.L83M33','BL80.2.H621960','1'),(18,'BL80.2.H781975','BL1032.B4','1'),(19,'BL1032.K51968','BL2370.S5E4131970','1'),(20,'BL2370.S5E4132004','BL2790.M45D6','1'),(21,'BP60.T341987','BP624.A462004','1'),(22,'BR60.S41954','BR479.C551935','1'),(23,'BR479.H575','BS192.2.A11964G3','1'),(24,'BA192.2.A11964.G3v.3','BT28.I3411971','1'),(25,'BT28.N47v.3','BV3785.G69F7','1'),(26,'BV3785.G69M452009','BX1735.L451966v.2','1'),(27,'BX1735.L451966v.3','BX5133.D6S4v.10c.2','1'),(28,'BX5133.D6S441963','CB251.H79','1'),(29,'CB251.H8','CT275.F68S91948','1'),(30,'CT257.F7H31936','D16.7.I233v.3c.2','1'),(31,'D16.7.I2331958v.1','D148.H3','1'),(32,'D148.N682000','D568.5.M51970','1'),(33,'D568.5.W6','D767.25.H6W3552004','1'),(34,'D767.25.H6W362005','D810.J4L2813','1'),(35,'D810.J4L355','DA30.B82v.2','1'),(36,'DA30.C31929av.1','DA257.S5','1'),(37,'DA258.R67','DA508.A5M31979','1'),(38,'DA508.A6E4','DA670.N8S5','1'),(39,'DA670.N813H861976b','DC38.G9v.2','1'),(40,'DC38.G975','DC342.8.G3B79','1'),(41,'MISSING','','1'),(42,'MISSING','','1'),(43,'MISSING','','1'),(44,'MISSING','','1'),(45,'MISSING','','1'),(46,'MISSING','','1'),(47,'MISSING','','1'),(48,'MISSING','','1'),(49,'MISSING','','1'),(50,'MISSING','','1'),(51,'MISSING','','1'),(52,'MISSING','','1'),(53,'MISSING','','1'),(54,'MISSING','','1'),(55,'MISSING','','1'),(56,'MISSING','','1'),(57,'MISSING','','1'),(58,'DS740.5.K6','DS779.2.C45','1'),(59,'DS779.2.C46','DS895.I5','1'),(60,'MISSING','','1'),(61,'MISSING','','1'),(62,'MISSING','','1'),(63,'DT455.P4713','DT755.R35','1'),(64,'DT107.C5','DT433.L8A31959v.4','1'),(65,'DT433.S7L8','DT541.62.R66','1'),(66,'DT541.65.A6c.2','DT763.J41967','1'),(67,'DT763.K231968','DT862.2.W54','1'),(68,'DT864.B3','DU740.S341991','1'),(69,'DU740.S373','E97.2.A4762001','1'),(70,'E97.5.A351995','E99.Z9Z86','1'),(71,'E101.B831955','E169.1.R631932','1'),(72,'E169.1.R7755c.1','E176.B7981969','1'),(73,'E176.B81931','E181.L64','1'),(74,'E181.M63','E183.8.S65C751995','1'),(75,'E183.8.S65D341985','E184.S75D3782003','1'),(76,'E184.S75F432014','E185.625.Y682010','1'),(77,'E185.63.B55v.1','E188.A49','1'),(78,'E188.A572v.1','E263.N6N56v.3','1'),(79,'E263.N6N56v.4','E302.1.D6','1'),(80,'E302.1.E442007','E338.P42','1'),(81,'E338.R382008','E449.E76','1'),(82,'E449.F481972','E470.8.M46','1'),(83,'E470.9.J661991','E697.C63','1'),(84,'E697.M14v.1-2','E745.M3S261989','1'),(85,'E745.M37C731990','E767.L64c.2','1'),(86,'E767.L65v.1','E840.8.G5S742000','1'),(87,'E840.8.G54A31999','F4.5.W752001','1'),(88,'F5.D762','F128.E472002c.2','1'),(89,'F128.1.K551971','F210.W43','1'),(90,'F211.A94','F334.B69N4492001','1'),(91,'F334.L55H462000','F592.D861997','1'),(92,'F592.F2221966','F912.T64B661999','1'),(93,'F912.Y9M3','F1221.P6F71966','1'),(94,'F1221.S43C71971','F1416.S65M551989','1'),(95,'F1416.S65R431983v.1','F1788.T53131990','1'),(96,'F1788.T691990','F2687.P4','1'),(97,'F2687.W542002v.1','G440.C6C61988','1'),(98,'G440.F83','GC11.D88','1'),(99,'GC11.G7513','GN24.F6','1'),(100,'GN24.G6','GN475.8.G4','1'),(101,'GN475.8.H3','GN805.B87','1'),(102,'GN805.C51971','GT607.E221999','1'),(103,'GT607.M23','GV445.B561994','1'),(104,'GV445.C55','GV1132.K48N491995','1'),(105,'GV1132.L6A84','H61.C67','1'),(106,'H61.D53.2003','HB74.M3C6531960','1'),(107,'HB74.M3F532','HB171.C591967','1'),(108,'HB171.C9525','HB915.T87','1'),(109,'HB915.W291987','HC79.E5B75952003','1'),(110,'HC79.E5B7595','HC106.83.L5','1'),(111,'HC106.83.M55','HC141.M36','1'),(112,'HC141.N83','HC336.2.K513','1'),(113,'HC336.2.M353','HC462.9.K793','1'),(114,'HC462.9.L56','HD21.K451964c.2','1'),(115,'HD21.N38','HD45.C4692003','1'),(116,'HD45.D331992','HD74.P561984','1'),(117,'HD75.A391990','HD17651983.k731983','1'),(118,'HD1773.A2R87','HD4870.U6N361990','1'),(119,'HD4871.F672009','HD6095.F691984','1'),(120,'HD6095.G382014','HD7304.N6S71969','1'),(121,'HD7304.P5R3','HD9066.M31.H5','1'),(122,'HD9074.m7.m61967','HD9574.w54','1'),(123,'HD9574.p92i8','hd9759.w4h5','1'),(124,'hd9760.b83m391988','he9774.e4','1'),(125,'he9774.s35.c31968','hf5011','1'),(126,'HF5011.W26v.1','hf5548.2.B735','1'),(127,'hf5548.2 c58131976','hf5813.u6f661984','1'),(128,'hf5813.u6a155','hg3851.e38','1'),(129,'hg3851.e38','hj257.w8','1'),(130,'hj257.2.a72','hm19.g53','1'),(131,'hm19.h4','hm101.h62','1'),(132,'hm101.036','hm281.p69','1'),(133,'hm281.p713','hn59.2.p56','1'),(134,'hn59.2.r32','hn400.r3r4','1'),(135,'hn400.s6c356','hq21.r37','1'),(136,'hq21.i85','hq648.k3','1'),(137,'hq649.r44','hq769.5.f67','1'),(138,'hq770.4.b67','hq796.i46','1'),(139,'hq769.j45','hq1121.s9','1'),(140,'HQ1121.U5172007','HQ1240.S281996','1'),(141,'HQ1240.W651988','HQ1631.G63131972','1'),(142,'HQ1613.R25','HT147.5.B4','1'),(143,'HT148.A2A341989','HT690.G7T7','1'),(144,'HT690.J4B7','HV245.J61964','1'),(145,'HV245.L71968','HV1626.C45','1'),(146,'HV1626.F73','HV6028.H46','1'),(147,'HV6028.I571983v.1','HV6568.N5G61974','1'),(148,'HV6566.P5A65','HV8699.U5L962015','1'),(149,'HV8699.U5M341999','HX84.S53K7','1'),(150,'HX84.T47D87','J10.A1B87v.5','1'),(151,'J10.D741975','JA4171.L4','1'),(152,'JC1.A71996','JC423.D631992','1'),(153,'JC423.F3552008','JF60.K6652010','1'),(154,'JF60.L6','JK468.E7W36','1'),(155,'JK468.I6A751975a','JK1764.A531978','1'),(156,'JK1764.B441992','JK3551.L6','1'),(157,'JK36251965.C6','JN2594.2.H692000','1'),(158,'JN2594.2L2','JQ1874.B531978','1'),(159,'JQ1875.A1A35','JV6465.H542014v.3','1'),(160,'JV6465.I45952009','JX1952.E441968','1'),(161,'JX1952.F25','K235.S851971','1'),(162,'K237.C371970','KF228.U5S772002','1'),(163,'KF228.U53M552004','KF1648.S741972','1'),(164,'KF1649.A2A4191994v.1','KF4570.H63','1'),(165,'KF4575.A75c.31968','KF8745.R87F472004','1'),(166,'KF8745.S33B572009','KQ9000.N84A1H691954','1'),(167,'KQ9000.S24A1G651967','LA227.2.H46','1'),(168,'LA227.3.A339','LB628.H4','1'),(169,'LB637.B7c.2','LB1033.B481983','1'),(170,'LB1033.C2971996','LB1051.R687','1'),(171,'LB1051.S27','LB1139.M6S621988','1'),(172,'LB1139.P3A4v.1c.1','LB1584.H872000','1'),(173,'LB1584.J28','LB2334.B94','1'),(174,'LB2334.C3','LB2831.5.B46','1'),(175,'LB2831.5.C33','LC66.V45','1'),(176,'LC66.W352003','LC1034.L39','1'),(177,'LC1034.M561980','LC4019.S431984','1'),(178,'LC4019.S56','LC5131.C85','1'),(179,'LC5131.D38','LV1011.R39','1');
/*!40000 ALTER TABLE `BookLocations1` ENABLE KEYS */;
UNLOCK TABLES;

--
-- Table structure for table `FeedBack`
--

DROP TABLE IF EXISTS `FeedBack`;
/*!40101 SET @saved_cs_client     = @@character_set_client */;
/*!40101 SET character_set_client = utf8 */;
CREATE TABLE `FeedBack` (
  `ID` int(10) NOT NULL AUTO_INCREMENT,
  `CallNo` char(30) NOT NULL,
  `ShelfNo` int(10) NOT NULL,
  `Subject` varchar(50) NOT NULL,
  `Found` int(1) NOT NULL,
  `Time` datetime NOT NULL,
  PRIMARY KEY (`ID`)
) ENGINE=MyISAM AUTO_INCREMENT=451 DEFAULT CHARSET=latin1;
/*!40101 SET character_set_client = @saved_cs_client */;

--
-- Dumping data for table `FeedBack`
--

LOCK TABLES `FeedBack` WRITE;
/*!40000 ALTER TABLE `FeedBack` DISABLE KEYS */;
INSERT INTO `FeedBack` VALUES (1,'GN346.A82015',100,'Anthropology',1,'2017-04-12 00:31:04'),(2,'G1021.A75452015',97,'Geography',1,'2017-04-12 00:31:35'),(3,'QA10.5.A152014',0,'Computer Science & Mathematics',0,'2017-04-12 00:32:00'),(4,'SB191.R5R44342015',0,'Unknown',0,'2017-04-12 00:32:20'),(5,'B1646.H24V642985',7,'Unknown',0,'2017-04-12 00:32:43'),(6,'JC359.E46252014	',152,'Political Science',1,'2017-04-12 00:32:50'),(7,'B1646.H24V641984',7,'Unknown',0,'2017-04-12 00:33:21'),(8,'LB1576.S6262016',172,'Education',1,'2017-04-12 00:33:44'),(9,'BD215.S882969',24,'Unknown',0,'2017-04-12 00:33:45'),(10,'GN409.S382017',100,'Anthropology',1,'2017-04-12 00:34:04'),(11,'NX180.S6T492017',0,'Arts, Fine Arts',0,'2017-04-12 00:34:22'),(12,'ML3534.3.M42017',0,'Music',0,'2017-04-12 00:34:47'),(13,'PS141.F762017',0,'English/Language/Literature',0,'2017-04-12 00:35:36'),(14,'PN1992.77.G5762017',0,'English/Language/Literature',0,'2017-04-12 00:35:57'),(15,'ML420.W55R532016',0,'Music',0,'2017-04-12 00:36:53'),(16,'HD30.28.M38392017',118,'Unknown',1,'2017-04-12 00:37:09'),(17,'HM821.S2352017',133,'Sociology',1,'2017-04-12 00:38:45'),(18,'E457.45.C662017',82,'History',1,'2017-04-12 00:38:56'),(19,'JC423.B78342016',152,'Political Science',1,'2017-04-12 00:39:14'),(20,'DS63.2.U5B3142016',0,'History',0,'2017-04-12 00:39:27'),(21,'PS1097.Z5C652016',0,'English/Language/Literature',0,'2017-04-12 00:39:40'),(22,'PS3535.I436Z652016',0,'English/Language/Literature',0,'2017-04-12 00:44:31'),(23,'PZ7.5.F76App2016',0,'English/Language/Literature',0,'2017-04-12 00:44:47'),(24,'PZ7.5.F76App2016',0,'English/Language/Literature',0,'2017-04-12 00:45:18'),(25,'LA2317.B555A32016',168,'Education',1,'2017-04-12 00:45:50'),(26,'E183.8.C5P582016',74,'History',1,'2017-04-12 00:46:07'),(27,'PN6120.2.B472017',0,'English/Language/Literature',0,'2017-04-12 00:46:21'),(28,'ML418.M45G332016',0,'Music',0,'2017-04-12 00:46:35'),(29,'E99.O3J332016',87,'History',1,'2017-04-12 00:46:54'),(30,'ML3531.L442016',0,'Music',0,'2017-04-12 00:47:09'),(31,'PS3563.C3694B752016',0,'English/Language/Literature',0,'2017-04-12 00:47:23'),(32,'GA1241.C372016',98,'Geography',1,'2017-04-12 00:47:36'),(33,'HM851.I5492016',133,'Sociology',1,'2017-04-12 00:47:52'),(34,'HQ63.B872016',142,'Sociology',1,'2017-04-12 00:48:06'),(35,'P95.8.C48582016',0,'English/Language/Literature',0,'2017-04-12 00:48:21'),(36,'P95.8.C48582016',0,'English/Language/Literature',0,'2017-04-12 00:48:37'),(37,'HT1575.C662016',143,'Sociology',1,'2017-04-12 00:49:10'),(38,'BX1795.H82S332016',27,'Religion',1,'2017-04-12 00:49:25'),(39,'GN406.C7252016',100,'Anthropology',1,'2017-04-12 00:49:42'),(40,'K3264.C65J662016',162,'Unknown',1,'2017-04-12 00:50:24'),(41,'AC1.G72',1,'Unknown',1,'2017-04-12 00:54:55'),(42,'F1418.L432016',95,'History',0,'0000-00-00 00:00:00'),(43,'BF561.B3372017',24,'Psychology',1,'2017-04-12 00:58:07'),(44,'HM851.A4372017',133,'Sociology',1,'2017-04-12 00:58:53'),(45,'AC1.G72',1,'Unknown',1,'2017-04-12 00:59:15'),(46,'GV1132.K48N491995',103,'Unknown',1,'2017-04-12 00:59:25'),(47,'GV1132.K48N491995',103,'Unknown',1,'2017-04-12 01:00:05'),(48,'R655.E5552016',0,'Unknown',0,'2017-04-12 01:00:17'),(49,'NK1520.H4342016',0,'Arts, Fine Arts',0,'2017-04-12 01:00:28'),(50,'BD215.S881969',24,'Unknown',0,'2017-04-12 01:00:33'),(51,'QH367.C532016',0,'Biology',0,'2017-04-12 01:00:38'),(52,'BD215.S881969',24,'Unknown',0,'2017-04-12 01:00:39'),(53,'JF60.L6',154,'Political Science',1,'2017-04-12 01:00:50'),(54,'QL544.G362016',0,'Biology',0,'2017-04-12 01:01:01'),(55,'LB1731.T41852016',173,'Education',1,'2017-04-12 01:01:10'),(56,'RC435.2.R652015',0,'Unknown',0,'2017-04-12 01:01:20'),(57,'JK516.V382015',157,'Political Science',1,'2017-04-12 01:01:32'),(58,'KF2996.C852015',164,'Unknown',1,'2017-04-12 01:01:44'),(59,'RC533.B442016',0,'Unknown',0,'2017-04-12 01:02:31'),(60,'HD2741.C4522016',118,'Unknown',1,'2017-04-12 01:02:42'),(61,'LB1028.75.K342016',168,'Education',1,'2017-04-12 01:02:52'),(62,'GV1469.34.P79M332016',105,'Unknown',1,'2017-04-12 01:03:10'),(63,'NX456.S8752015',0,'Arts, Fine Arts',0,'2017-04-12 01:03:22'),(64,'N7433.8.P382015',0,'Arts, Fine Arts',0,'2017-04-12 01:03:32'),(65,'PN1995.9.V46F552015',0,'English/Language/Literature',0,'2017-04-12 01:03:44'),(66,'GV1469.17.S63B352013',105,'Unknown',1,'2017-04-12 01:03:53'),(67,'TK5105.875.I57B68201',0,'Engineering',0,'2017-04-12 01:04:02'),(68,'HM851.P795.2013',133,'Sociology',1,'2017-04-12 01:04:12'),(69,'QA76.76.C672R6362012',0,'Computer Science & Mathematics',0,'2017-04-12 01:04:24'),(70,'DS706.C511382016',0,'History',0,'2017-04-12 01:04:35'),(71,'HC412.A74292016',113,'Economics',1,'2017-04-12 01:05:12'),(72,'GN345.5.D872016',100,'Anthropology',1,'2017-04-12 01:05:21'),(73,'GN487.C752016',101,'Anthropology',1,'2017-04-12 01:05:30'),(74,'ML3502.K6F842016',0,'Music',0,'2017-04-12 01:05:40'),(75,'GN346.E452016',100,'Anthropology',1,'2017-04-12 01:05:53'),(76,'NK7306.T332017',0,'Arts, Fine Arts',0,'2017-04-12 01:06:03'),(77,'NX456.R641973',0,'Arts, Fine Arts',0,'2017-04-12 01:06:14'),(78,'QP483.K472016',0,'Biology',0,'2017-04-12 01:06:28'),(79,'QH438.5.L632016',0,'Biology',0,'2017-04-12 01:06:39'),(80,'QH506.G642016',0,'Biology',0,'2017-04-12 01:06:50'),(81,'QL775.A5382015',0,'Biology',0,'2017-04-12 01:07:00'),(82,'QH437.Y362016',0,'Biology',0,'2017-04-12 01:07:14'),(83,'HF5811.W822016',127,'Business',1,'2017-04-12 01:07:25'),(84,'HM851.A4372017',133,'Sociology',1,'2017-04-12 01:07:34'),(85,'QD452.B642016',0,'Chemistry',0,'2017-04-12 01:07:45'),(86,'QD11.L5582016',0,'Chemistry',0,'2017-04-12 01:08:01'),(87,'P94.C772016',0,'English/Language/Literature',0,'2017-04-12 01:08:17'),(88,'P95.82.A65B852016',0,'English/Language/Literature',0,'2017-04-12 01:08:35'),(89,'P94.5.A752U6562016',0,'English/Language/Literature',0,'2017-04-12 01:08:45'),(90,'RC553.A88A7892014',0,'Unknown',0,'2017-04-12 01:09:00'),(91,'RC488.5.I58752015',0,'Unknown',0,'2017-04-12 01:09:19'),(92,'RC553.A88D672016',0,'Unknown',0,'2017-04-12 01:09:32'),(93,'RC423.C852016',0,'Communication Disorders',0,'2017-04-12 01:09:40'),(94,'QA76.17.H492015',0,'Computer Science & Mathematics',0,'2017-04-12 01:09:49'),(95,'QA276.15S7542016',0,'Computer Science & Mathematics',0,'2017-04-12 01:10:02'),(96,'QA76.9.M65K592016',0,'Computer Science & Mathematics',0,'2017-04-12 01:10:10'),(97,'QA612.24.M392016',0,'Computer Science & Mathematics',0,'2017-04-12 01:10:23'),(98,'QA93.C6272016',0,'Computer Science & Mathematics',0,'2017-04-12 01:10:32'),(99,'LC5251.H387',179,'Education',1,'2017-04-12 01:10:45'),(100,'TK5105.888.S491552016',0,'Engineering',0,'2017-04-12 01:10:54'),(101,'GB440.S6L362015',98,'Geography',1,'2017-04-12 01:11:04'),(102,'G860.L3862016',98,'Geography',1,'2017-04-12 01:11:14'),(103,'GF3.E5',99,'Geography',1,'2017-04-12 01:11:23'),(104,'QE181.D452016',0,'Geology',0,'2017-04-12 01:11:32'),(105,'QE653.5.B452016',0,'Geology',0,'2017-04-12 01:11:42'),(106,'QE515.H542015',0,'Geology',0,'2017-04-12 01:11:52'),(107,'RT1.I67821967',0,'Nursing',0,'2017-04-12 01:12:01'),(108,'RT1.F53',0,'Nursing',0,'2017-04-12 01:12:12'),(109,'QC32.C752016',0,'Physics',0,'2017-04-12 01:12:21'),(110,'BF724.3.B55R532016',24,'Psychology',1,'2017-04-12 01:12:30'),(111,'BF721.W672016',24,'Psychology',1,'2017-04-12 01:12:39'),(112,'BL2525.R252016',24,'Religion',1,'2017-04-12 01:12:49'),(113,'BL439.A452016',24,'Religion',1,'2017-04-12 01:12:58'),(114,'PN2055.B772015',0,'Theatre Arts',0,'2017-04-12 01:13:09'),(115,'PN2061.C57552016',0,'Theatre Arts',0,'2017-04-12 01:13:18'),(116,'PN2061.C57552016',0,'Theatre Arts',0,'2017-04-12 01:14:01'),(117,'',0,'Unknown',0,'2017-04-12 03:05:10'),(118,'AC1.G72',1,'Unknown',1,'2017-04-12 10:53:48'),(154,'QA268.M6552003',0,'Computer Science & Mathematics',0,'2017-04-12 15:34:10'),(153,'HM786.E872004',133,'Sociology',1,'2017-04-12 15:32:23'),(151,'BF637.N66N492005',24,'Psychology',1,'2017-04-12 15:20:51'),(152,'BF198.7.M662004',24,'Psychology',1,'2017-04-12 15:23:11'),(150,'QA76.9.A25M672005',0,'Computer Science & Mathematics',0,'2017-04-12 15:19:41'),(149,'QA184.2.H362007',0,'Computer Science & Mathematics',0,'2017-04-12 15:13:47'),(148,'QA76.758.J342008',0,'Computer Science & Mathematics',0,'2017-04-12 15:11:23'),(141,'QA9.6.W432012',0,'Computer Science & Mathematics',0,'2017-04-12 15:00:06'),(147,'HQ759.C72452010',142,'Sociology',1,'2017-04-12 15:09:17'),(146,'JK1161.L4282009',154,'Political Science',1,'2017-04-12 15:08:33'),(145,'QH325.A8952010',0,'Biology',0,'2017-04-12 15:05:23'),(144,'QA279.5.M4152011',0,'Computer Science & Mathematics',0,'2017-04-12 15:03:19'),(143,'QA76.889.R542011',0,'Computer Science & Mathematics',0,'2017-04-12 15:02:21'),(142,'BF241.S772012',24,'Psychology',1,'2017-04-12 15:01:20'),(140,'HD8039.D37C652013',121,'Unknown',1,'2017-04-12 14:56:47'),(139,'HV2430.S662013',146,'Sociology',1,'2017-04-12 14:53:02'),(138,'PN6381.S42013',0,'English/Language/Literature',0,'2017-04-12 14:42:20'),(137,'PN6381.S42013',0,'English/Language/Literature',0,'2017-04-12 14:39:01'),(136,'PN6381.S42013',0,'English/Language/Literature',0,'2017-04-12 14:37:42'),(135,'QA76.76.H85F862014',0,'Computer Science & Mathematics',0,'2017-04-12 14:34:53'),(134,'QH447.C372015',0,'Biology',0,'2017-04-12 14:34:07'),(133,'BL2525.A56352014',24,'Religion',1,'2017-04-12 14:31:20'),(132,'TK7881.4.R8582014',0,'Engineering',0,'2017-04-12 14:29:54'),(131,'ML3790.W592015',0,'Music',0,'2017-04-12 14:25:12'),(130,'N7433.94.S932016',0,'Arts, Fine Arts',0,'2017-04-12 14:23:16'),(129,'N7433.94.S932016',0,'Arts, Fine Arts',0,'2017-04-12 14:08:39'),(128,'GN346.A82015',100,'Anthropology',1,'2017-04-12 13:57:13'),(127,'Z4.C382014',0,'Unknown',0,'2017-04-12 13:52:46'),(126,'QE22.I35I432015',0,'Geology',0,'2017-04-12 13:49:15'),(125,'QE22.I35I432015',0,'Geology',0,'2017-04-12 13:48:12'),(124,'G1021.A75452015',97,'Geography',1,'2017-04-12 13:44:30'),(123,'G1021.A75452015',97,'Geography',1,'2017-04-12 13:42:15'),(122,'QE22.I35I432015',0,'Geology',0,'2017-04-12 13:41:05'),(121,'QA10.5.A152014',0,'Computer Science & Mathematics',0,'2017-04-12 13:39:07'),(120,'SB191.R5R44342015',0,'Unknown',0,'2017-04-12 13:32:41'),(119,'QE22.I35I432015',0,'Geology',0,'2017-04-12 13:31:29'),(155,'DS63.2.U5B3142016',0,'History',0,'2017-04-12 15:39:37'),(156,'P115.3.S6262016',0,'English/Language/Literature',0,'2017-04-12 15:49:34'),(157,'AZ183.U5S562013',1,'Unknown',1,'2017-04-12 15:53:10'),(158,'AZ183.U5S562013',1,'Unknown',1,'2017-04-12 15:53:55'),(159,'ML3920.T542012',0,'Music',0,'2017-04-12 15:56:30'),(160,'PN1995.9.H34C8582016',0,'English/Language/Literature',0,'2017-04-12 15:57:11'),(161,'HD2741.C4522016',118,'Unknown',1,'2017-04-12 15:57:49'),(162,'AZ183.U5S562013',1,'Unknown',1,'2017-04-12 16:06:12'),(163,'GN346.A82015',100,'Anthropology',1,'2017-04-12 16:12:13'),(164,'TK5105.888.S491552016',0,'Engineering',0,'2017-04-12 16:13:46'),(165,'LC5251.H387',179,'Education',1,'2017-04-12 22:16:08'),(166,'HV6025 .A358 2016',146,'Sociology',1,'2017-04-12 22:34:57'),(167,'CB354.6 .T84 2017',29,'Unknown',1,'2017-04-12 23:20:54'),(169,'GSHDGFHD',102,'Unknown',1,'2017-04-12 23:24:50'),(168,'TESTING123',0,'Unknown',0,'2017-04-12 23:21:42'),(170,'AC1.G72',1,'Unknown',1,'2017-04-12 23:27:51'),(171,'DS779.36 .C47 2016',59,'History',1,'2017-04-12 23:32:29'),(172,'HD4870.U6N361990',118,'Unknown',1,'2017-04-12 23:33:51'),(173,'DS779.36 .C47 2016',59,'History',1,'2017-04-12 23:34:34'),(174,'HV1626.F73',146,'Sociology',1,'2017-04-12 23:37:01'),(175,'BL1032.B4',24,'Religion',1,'2017-04-12 23:43:23'),(176,'BL1032.B4',24,'Religion',1,'2017-04-12 23:43:26'),(177,'BT28.N47v.3',25,'Religion',1,'2017-04-12 23:44:07'),(178,'AZ999.M6',1,'Unknown',1,'2017-04-12 23:46:06'),(179,'HD9574.w54',123,'Unknown',1,'2017-04-12 23:46:24'),(180,'GN346.A82015',100,'Anthropology',1,'2017-04-12 23:48:16'),(181,'GN346.A82015',100,'Anthropology',1,'2017-04-12 23:48:57'),(182,'GN346.A82015',100,'Anthropology',1,'2017-04-12 23:50:04'),(183,'HF5011',125,'Business',1,'2017-04-12 23:51:18'),(184,'BC',24,'Unknown',1,'2017-04-12 23:52:03'),(185,'ca',28,'Unknown',1,'2017-04-12 23:52:58'),(186,'ca3',28,'Unknown',1,'2017-04-12 23:53:33'),(187,'ca1',28,'Unknown',1,'2017-04-12 23:54:28'),(188,'ca1',28,'Unknown',1,'2017-04-12 23:55:08'),(189,'gsghfdfd',102,'Unknown',1,'2017-04-12 23:55:39'),(190,'ca6',28,'Unknown',1,'2017-04-13 00:02:41'),(191,'DT455.P4713',65,'History',1,'2017-04-13 00:03:54'),(192,'DT455.P4713',65,'History',1,'2017-04-13 00:05:06'),(193,'E169.1.R7755c.1',72,'History',1,'2017-04-13 00:05:58'),(194,'ac452',1,'Unknown',1,'2017-04-13 00:13:54'),(195,'F819.G36 C65 2015',97,'History',1,'2017-04-13 00:44:26'),(196,'HD6053 .A56 2014',119,'Unknown',1,'2017-04-13 00:45:40'),(198,'N6537.W28 A4 2013',0,'Arts, Fine Arts',0,'2017-04-13 01:09:05'),(197,'AC343',1,'Unknown',1,'2017-04-13 00:50:00'),(199,'LC213 .I584 2012',177,'Education',1,'2017-04-13 01:11:28'),(202,'DA30.B82v.2',37,'History',1,'2017-04-13 01:29:11'),(200,'PZ7.5.S54 Ke 2008',0,'English/Language/Literature',0,'2017-04-13 01:14:00'),(201,'CT275.F68S91948',30,'Unknown',1,'2017-04-13 01:27:11'),(203,'DS832.7.K6 K5525 2005',59,'History',1,'2017-04-13 01:29:25'),(204,'Gsgsggs',102,'Unknown',1,'2017-04-13 01:32:37'),(205,'QL951 .C8',0,'Biology',0,'2017-04-13 01:35:11'),(211,'test',0,'Unknown',0,'2017-04-13 01:46:36'),(207,'Ac353',1,'Unknown',1,'2017-04-13 01:42:44'),(206,'Q175.5 .P74 2005',0,'Unknown',0,'2017-04-13 01:37:14'),(209,'Ac353',1,'Unknown',1,'2017-04-13 01:42:53'),(208,'Ac353',1,'Unknown',1,'2017-04-13 01:42:52'),(210,'test',0,'Unknown',0,'2017-04-13 01:43:56'),(212,'CA123.45',28,'Unknown',1,'2017-04-13 01:47:34'),(214,'HQ1180 .B685 2006',140,'Sociology',1,'2017-04-13 01:58:28'),(213,'Q175.5 .P74 2005',0,'Unknown',0,'2017-04-13 01:54:32'),(215,'DS832.7.K6 K5525 2005',59,'History',1,'2017-04-13 02:02:55'),(217,'testing',0,'Unknown',0,'2017-04-13 02:46:34'),(216,'test',0,'Unknown',0,'2017-04-13 02:05:40'),(219,'123',0,'Unknown',0,'2017-04-13 03:24:50'),(218,'test',0,'Unknown',0,'2017-04-13 02:51:08'),(221,'2345',0,'Unknown',0,'2017-04-13 03:30:07'),(220,'resdfgh',0,'Unknown',0,'2017-04-13 03:29:38'),(224,'tfghhjk67',0,'Unknown',0,'2017-04-13 03:53:12'),(222,'fgk',97,'History',1,'2017-04-13 03:36:20'),(229,'ghj6789',99,'Unknown',1,'2017-04-13 04:02:12'),(223,'testingw',0,'Unknown',0,'2017-04-13 03:40:38'),(225,'yiyi',0,'Unknown',0,'2017-04-13 03:55:35'),(226,'cg',29,'Unknown',1,'2017-04-13 03:57:40'),(227,'bn',24,'Religion',1,'2017-04-13 03:59:41'),(228,'bk',24,'Unknown',1,'2017-04-13 04:01:31'),(231,'ghj6789',99,'Unknown',1,'2017-04-13 04:03:08'),(230,'ghj6789',99,'Unknown',1,'2017-04-13 04:03:01'),(233,'ghj6789gjhk',99,'Unknown',1,'2017-04-13 04:06:07'),(232,'ghj6789',99,'Unknown',1,'2017-04-13 04:03:20'),(235,'Gshdhdhhdd',102,'Unknown',1,'2017-04-13 16:22:07'),(234,'QW235.t7',0,'Unknown',0,'2017-04-13 10:57:38'),(239,'AC23.12',1,'Unknown',1,'2017-04-14 17:48:35'),(237,'B131.D3v.5',0,'Unknown',0,'2017-04-13 18:41:01'),(236,'AZ999.M6',1,'Unknown',0,'2017-04-13 18:40:38'),(238,'B243.G66',7,'Unknown',1,'2017-04-13 18:41:44'),(240,'AC1.G72',1,'Unknown',0,'2017-04-26 03:20:46'),(241,'AC1.G72',1,'Unknown',0,'2017-04-26 03:21:24'),(242,'AC1.G72',1,'Unknown',0,'2017-04-26 03:21:25'),(243,'AC1.G72',1,'Unknown',0,'2017-04-26 03:21:25'),(244,'AC1.G72',1,'Unknown',0,'2017-04-26 03:26:15'),(245,'AC1.G72',1,'Unknown',0,'2017-04-26 03:33:28'),(246,'AC1.G72',1,'Unknown',0,'2017-04-26 03:33:42'),(247,'AC1.G72',1,'Unknown',0,'2017-04-26 03:36:02'),(248,'AC1.G72',1,'Unknown',0,'2017-04-26 03:39:12'),(249,'AC1.G72',1,'Unknown',0,'2017-04-26 03:39:14'),(250,'AC1.G72',1,'Unknown',0,'2017-04-26 03:40:30'),(251,'AC1.G72',1,'Unknown',0,'2017-04-26 03:41:26'),(252,'AC1.G72',1,'Unknown',0,'2017-04-26 03:42:18'),(253,'AC1.G72',1,'Unknown',0,'2017-04-26 03:44:23'),(254,'AC1.G72',1,'Unknown',0,'2017-04-26 03:45:12'),(255,'AC1.G72',1,'Unknown',0,'2017-04-26 03:45:12'),(256,'AC1.G72',1,'Unknown',0,'2017-04-26 03:45:36'),(257,'AC1.G72',1,'Unknown',0,'2017-04-26 03:46:10'),(258,'AC1.G72',1,'Unknown',0,'2017-04-26 03:46:32'),(259,'AC1.G72',1,'Unknown',0,'2017-04-26 03:46:33'),(260,'AC1.G72',1,'Unknown',0,'2017-04-26 03:48:35'),(261,'AC1.G72',1,'Unknown',0,'2017-04-26 03:55:07'),(262,'AC1.G72',1,'Unknown',0,'2017-04-26 03:55:21'),(263,'AC1.G72',1,'Unknown',0,'2017-04-26 03:55:22'),(264,'',0,'Unknown',0,'2017-04-26 03:58:44'),(265,'AC1.G72',1,'Unknown',0,'2017-04-26 03:59:26'),(266,'AC1.G72',1,'Unknown',0,'2017-04-26 04:00:12'),(267,'',0,'Unknown',0,'2017-04-26 04:00:20'),(268,'AC1.G72',1,'Unknown',0,'2017-04-26 04:00:46'),(269,'AC1.G72',1,'Unknown',0,'2017-04-26 04:01:03'),(270,'',0,'Unknown',0,'2017-04-26 04:03:17'),(271,'AC1.G72',1,'Unknown',0,'2017-04-26 04:03:22'),(272,'',0,'Unknown',0,'2017-04-26 04:03:22'),(273,'',0,'Unknown',0,'2017-04-26 04:04:27'),(274,'',0,'Unknown',0,'2017-04-26 04:05:38'),(275,'AC1.G72',1,'Unknown',0,'2017-04-26 04:06:31'),(276,'AC1.G72',1,'Unknown',0,'2017-04-26 04:07:01'),(277,'AC1.G72',1,'Unknown',0,'2017-04-26 04:07:43'),(278,'AC1.G72',1,'Unknown',0,'2017-04-26 04:12:47'),(279,'E101.B831955',71,'History',0,'2017-04-26 04:13:54'),(280,'E101.B831955',71,'History',0,'2017-04-26 04:13:55'),(281,'AC1.G72',1,'Unknown',0,'2017-04-26 04:15:05'),(282,'AC1.G72',1,'Unknown',0,'2017-04-26 04:20:39'),(283,'AC1.G72',1,'Unknown',0,'2017-04-26 04:22:03'),(284,'AC1.G72',1,'Unknown',0,'2017-04-26 10:49:10'),(285,'B2779.S451974',7,'Unknown',0,'2017-04-26 10:54:54'),(286,'AC1.G72',1,'Unknown',0,'2017-04-26 10:57:04'),(287,'AC1.G72',1,'Unknown',0,'2017-04-26 10:58:48'),(288,'AC1.G72',1,'Unknown',0,'2017-04-26 11:54:02'),(289,'AC1.G72',1,'Unknown',0,'2017-04-26 11:56:02'),(290,'AC1.G72',1,'Unknown',0,'2017-04-26 11:57:08'),(291,'AC1.G72',1,'Unknown',0,'2017-04-26 11:57:14'),(292,'AC1.G72',1,'Unknown',0,'2017-04-26 11:58:50'),(293,'AC1.G72',1,'Unknown',0,'2017-04-26 11:59:35'),(294,'E101.B831955',71,'History',0,'2017-04-26 12:00:44'),(295,'AC1.G72',1,'Unknown',0,'2017-04-26 12:02:03'),(296,'AC1.G72',1,'Unknown',0,'2017-04-26 12:03:10'),(297,'AC1.G72',1,'Unknown',0,'2017-04-26 12:04:45'),(298,'AC1.G72',1,'Unknown',0,'2017-04-26 12:06:08'),(299,'AC1.G72',1,'Unknown',0,'2017-04-26 12:06:12'),(300,' ML410.W29793%20A3%202017',0,'Unknown',0,'2017-04-27 13:24:27'),(301,' Stacks%20F866.4.H42%20T66%202',0,'Unknown',0,'2017-04-27 13:36:14'),(302,' Stacks%20ML418.M45%20G33%2020',0,'Unknown',0,'2017-04-27 13:36:26'),(303,' Oversize%20TR660.5.M57%20B67%',0,'Unknown',0,'2017-04-27 13:38:59'),(304,' Stacks%20Z695%20.A25%202017%2',0,'Unknown',0,'2017-04-27 13:39:51'),(305,' DT83.R663%202017',0,'Unknown',0,'2017-04-27 13:50:55'),(306,' HB501.A4572017',0,'Unknown',1,'2017-04-27 13:52:39'),(307,' HV5805.W65A32015',0,'Unknown',1,'2017-04-27 14:19:58'),(308,' HV5805.W65A32015',0,'Unknown',1,'2017-04-27 15:18:08'),(309,' K564.A55H862016',0,'Unknown',1,'2017-04-27 15:35:06'),(310,' N6853.B3A42013',0,'Unknown',0,'2017-04-27 15:35:28'),(311,'',0,'Unknown',0,'2017-04-29 20:12:24'),(312,'AC1.G72',1,'Unknown',0,'2017-04-29 20:12:30'),(313,'AC1.G72',1,'Unknown',0,'2017-04-29 20:12:35'),(314,'AC1.G72',1,'Unknown',0,'2017-04-29 20:26:31'),(315,'E101.B831955',71,'History',0,'2017-05-02 10:05:18'),(316,'E101.B831955',71,'History',0,'2017-05-02 10:06:40'),(317,'E101.B831955',71,'History',0,'2017-05-02 10:11:05'),(318,'E101.B831955',71,'History',0,'2017-05-02 10:12:16'),(319,'AC1.G72',1,'Unknown',0,'2017-05-02 10:12:35'),(320,'AC1.G72',1,'Unknown',0,'2017-05-02 10:12:35'),(321,'AC1.G72',1,'Unknown',0,'2017-05-02 10:12:36'),(322,'AC1.G72',1,'Unknown',0,'2017-05-02 10:12:36'),(323,'AC1.G72',1,'Unknown',0,'2017-05-02 10:12:36'),(324,'AC1.G72',1,'Unknown',0,'2017-05-02 10:12:36'),(325,'AC1.G72',1,'Unknown',0,'2017-05-02 10:12:36'),(326,'AC1.G72',1,'Unknown',0,'2017-05-02 10:16:30'),(327,'E101.B831955',71,'History',0,'2017-05-03 17:24:14'),(328,'',0,'Unknown',0,'2017-05-03 17:24:14'),(329,'E101.B831955',71,'History',0,'2017-05-03 17:24:24'),(330,'',0,'Unknown',0,'2017-05-03 17:24:24'),(331,'E101.B831955',71,'History',0,'2017-05-03 17:26:08'),(332,'',0,'Unknown',0,'2017-05-03 17:26:08'),(333,'',0,'Unknown',0,'2017-05-03 17:26:36'),(334,'E101.B831955',71,'History',0,'2017-05-03 17:26:42'),(335,'',0,'Unknown',0,'2017-05-03 17:34:03'),(336,'E101.B831955',71,'History',0,'2017-05-03 17:34:07'),(337,'',0,'Unknown',0,'2017-05-03 17:48:55'),(338,'',0,'Unknown',0,'2017-05-03 17:51:32'),(339,'E101.B831955',71,'History',0,'2017-05-03 17:51:35'),(340,'',0,'Unknown',0,'2017-05-03 17:53:17'),(341,'AC1.G72',1,'Unknown',0,'2017-05-03 17:53:19'),(342,'AC1.G72',1,'Unknown',0,'2017-05-03 17:54:10'),(343,'B2779.S451974',7,'Unknown',0,'2017-05-03 17:54:28'),(344,'',0,'Unknown',0,'2017-05-03 19:48:33'),(345,'AC1.G72',1,'Unknown',0,'2017-05-03 19:48:37'),(346,'AC1.G72',1,'Unknown',0,'2017-05-03 19:48:44'),(347,'',0,'Unknown',0,'2017-05-03 19:50:55'),(348,'AC1.G72',1,'Unknown',0,'2017-05-03 19:56:51'),(349,'',0,'Unknown',0,'2017-05-03 20:01:25'),(350,'E101.B831955',71,'History',0,'2017-05-03 20:01:30'),(351,'',0,'Unknown',0,'2017-05-03 20:10:22'),(352,'AC1.G72',1,'Unknown',0,'2017-05-03 20:10:28'),(353,'',0,'Unknown',0,'2017-05-03 20:11:44'),(354,'',0,'Unknown',0,'2017-05-03 20:12:36'),(355,'',0,'Unknown',0,'2017-05-03 20:14:02'),(356,'AC1.G72',1,'Unknown',0,'2017-05-03 20:14:10'),(357,'AC1.G72',1,'Unknown',0,'2017-05-03 20:14:12'),(358,'AC1.G72',1,'Unknown',0,'2017-05-03 20:14:12'),(359,'AC1.G72',1,'Unknown',0,'2017-05-03 20:14:12'),(360,'AC1.G72',1,'Unknown',0,'2017-05-03 20:14:13'),(361,'AC1.G72',1,'Unknown',0,'2017-05-03 20:14:13'),(362,'AC1.G72',1,'Unknown',0,'2017-05-03 20:14:13'),(363,'AC1.G72',1,'Unknown',0,'2017-05-03 20:14:13'),(364,'AC1.G72',1,'Unknown',0,'2017-05-03 20:14:13'),(365,'AC1.G72',1,'Unknown',0,'2017-05-03 20:14:14'),(366,'AC1.G72',1,'Unknown',0,'2017-05-03 20:14:14'),(367,'AC1.G72',1,'Unknown',0,'2017-05-03 20:14:14'),(368,'AC1.G72',1,'Unknown',0,'2017-05-03 20:14:14'),(369,'AC1.G72',1,'Unknown',0,'2017-05-03 20:14:15'),(370,'AC1.G72',1,'Unknown',0,'2017-05-03 20:14:15'),(371,'AC1.G72',1,'Unknown',0,'2017-05-03 20:15:26'),(372,'',0,'Unknown',0,'2017-05-03 20:15:40'),(373,'E101.B831955',71,'History',0,'2017-05-03 20:18:10'),(374,'',0,'Unknown',0,'2017-05-03 20:18:13'),(375,'E101.B831955',71,'History',0,'2017-05-03 20:19:13'),(376,'',0,'Unknown',0,'2017-05-03 20:19:18'),(377,'E101.B831955',71,'History',0,'2017-05-03 20:21:11'),(378,'',0,'Unknown',0,'2017-05-03 20:21:13'),(379,'tbvalue',0,'Unknown',0,'2017-05-03 20:25:10'),(380,'tbvalue',0,'Unknown',0,'2017-05-03 20:25:12'),(381,'tbvalue',0,'Unknown',0,'2017-05-03 20:25:15'),(382,'tbvalue',0,'Unknown',0,'2017-05-03 20:25:21'),(383,'tbvalue',0,'Unknown',0,'2017-05-03 20:35:23'),(384,'tbvalue',0,'Unknown',0,'2017-05-03 20:35:25'),(385,'tbvalue',0,'Unknown',0,'2017-05-03 20:35:45'),(386,'tbvalue',0,'Unknown',0,'2017-05-03 20:35:47'),(387,'tbvalue',0,'Unknown',0,'2017-05-03 20:40:08'),(388,'tbvalue',0,'Unknown',0,'2017-05-03 20:40:14'),(389,'AC1.G72',1,'Unknown',0,'2017-05-03 20:40:54'),(390,'',0,'Unknown',0,'2017-05-03 20:40:57'),(391,'AC1.G72',1,'Unknown',0,'2017-05-03 20:42:51'),(392,'',0,'Unknown',0,'2017-05-03 20:42:53'),(393,'AC1.G72',1,'Unknown',0,'2017-05-03 20:44:45'),(394,'',0,'Unknown',0,'2017-05-03 20:44:47'),(395,'AC1.G72',1,'Unknown',0,'2017-05-03 20:45:42'),(396,'',0,'Unknown',0,'2017-05-03 20:45:43'),(397,'E101.B831955',71,'History',0,'2017-05-03 20:45:57'),(398,'',0,'Unknown',0,'2017-05-03 20:46:05'),(399,'AC1.G72',1,'Unknown',0,'2017-05-03 20:49:27'),(400,'',0,'Unknown',0,'2017-05-03 20:49:32'),(401,'AC1.G72',1,'Unknown',0,'2017-05-03 20:58:07'),(402,'E101.B831955',71,'History',0,'2017-05-03 21:03:03'),(403,'AC1.G72',1,'Unknown',0,'2017-05-03 21:05:00'),(404,'AC1.G72',1,'Unknown',1,'2017-05-06 19:30:44'),(405,'AC53.W2',1,'',1,'2017-05-06 19:31:53'),(406,'AC53.W2',1,'',1,'2017-05-06 19:40:09'),(407,'AC53.W2',1,'',1,'2017-05-06 19:41:20'),(408,'B2779.S451974',0,'',0,'2017-05-13 13:11:59'),(409,'B2779.S451974',0,'',0,'2017-05-13 13:12:04'),(410,'AC1.G72',0,'',0,'2017-05-13 13:42:23'),(411,'AC1.G72',0,'',0,'2017-05-13 13:42:55'),(412,'E101.B831955',0,'',0,'2017-05-13 13:50:30'),(413,'AC1.G72',0,'',0,'2017-05-13 13:53:05'),(414,'E101.B831955',0,'',0,'2017-05-13 13:53:35'),(415,'AC1.G72',0,'',0,'2017-05-13 13:55:17'),(416,'',0,'',0,'2017-05-13 13:55:17'),(417,'B2779.S451974',0,'',0,'2017-05-16 18:48:00'),(418,'',0,'',0,'2017-05-16 18:48:00'),(419,'B2779.S451974',0,'',0,'2017-05-16 18:48:05'),(420,'',0,'',0,'2017-05-16 18:48:05'),(421,'AC1.G72',0,'',0,'2017-05-16 18:51:31'),(422,'',0,'',0,'2017-05-16 18:51:31'),(423,'AC1.G72',0,'',0,'2017-05-16 18:54:19'),(424,'',0,'',0,'2017-05-16 18:54:19'),(425,'B2779.S451974',0,'',0,'2017-05-16 18:56:44'),(426,'',0,'',0,'2017-05-16 18:56:44'),(427,'B2779.S451974',0,'',0,'2017-05-16 18:57:39'),(428,'',0,'',0,'2017-05-16 18:57:39'),(429,'B2779.S451974',0,'',0,'2017-05-16 19:01:49'),(430,'',0,'',0,'2017-05-16 19:01:49'),(431,'AC1.G72',0,'',0,'2017-05-16 19:03:18'),(432,'',0,'',0,'2017-05-16 19:03:18'),(433,'AC1.G72',0,'',0,'2017-05-16 19:04:19'),(434,'',0,'',0,'2017-05-16 19:04:19'),(435,'AC1.G72',0,'',0,'2017-05-16 19:05:10'),(436,'',0,'',0,'2017-05-16 19:05:10'),(437,'B2779.S451974',0,'',0,'2017-05-16 19:14:04'),(438,'',0,'',0,'2017-05-16 19:14:04'),(439,'AC1.G72',0,'',0,'2017-05-16 19:17:08'),(440,'',0,'',0,'2017-05-16 19:17:08'),(441,'',0,'',0,'2017-05-16 19:18:22'),(442,'',0,'',0,'2017-05-16 19:18:22'),(443,'B2779.S451974',0,'',0,'2017-05-16 19:18:40'),(444,'',0,'',0,'2017-05-16 19:18:40'),(445,'AC1.G72',0,'',0,'2017-05-17 10:13:21'),(446,'',0,'',0,'2017-05-17 10:13:21'),(447,'AC1.G72',0,'',0,'2017-05-17 10:15:30'),(448,'',0,'',0,'2017-05-17 10:15:30'),(449,'B2779.S451974',0,'',0,'2017-05-17 10:17:11'),(450,'',0,'',0,'2017-05-17 10:17:11');
/*!40000 ALTER TABLE `FeedBack` ENABLE KEYS */;
UNLOCK TABLES;

--
-- Table structure for table `ShelfLocations`
--

DROP TABLE IF EXISTS `ShelfLocations`;
/*!40101 SET @saved_cs_client     = @@character_set_client */;
/*!40101 SET character_set_client = utf8 */;
CREATE TABLE `ShelfLocations` (
  `ShelfNo` int(11) NOT NULL,
  `X` char(20) NOT NULL,
  `Y` char(20) NOT NULL,
  `Width` char(20) NOT NULL,
  `Height` char(20) NOT NULL,
  `Map` char(11) NOT NULL,
  PRIMARY KEY (`ShelfNo`)
) ENGINE=MyISAM DEFAULT CHARSET=latin1;
/*!40101 SET character_set_client = @saved_cs_client */;

--
-- Dumping data for table `ShelfLocations`
--

LOCK TABLES `ShelfLocations` WRITE;
/*!40000 ALTER TABLE `ShelfLocations` DISABLE KEYS */;
INSERT INTO `ShelfLocations` VALUES (11,'250.1','674.8','113.3','8','0'),(14,'250.1','674.8','113.3','8','0'),(15,'250.1','698.6','113.3','8','0'),(18,'250.1','698.6','113.3','8','0'),(19,'250.1','722.3','113.3','8','0'),(112,'250.1','722.3','113.3','8','0'),(113,'253.9','745','98.8','9.1','0'),(116,'253.9','745','98.8','9.1','0'),(114,'142.6','745','56','9.1','0'),(115,'142.6','745','56','9.1','0'),(111,'127.4','721.2','71.3','9.1','0'),(110,'127.4','721.2','71.3','9.1','0'),(17,'127.4','697.5','71.3','9.1','0'),(16,'127.4','697.5','71.3','9.1','0'),(13,'127.4','673.7','71.3','9.1','0'),(12,'127.4','673.7','71.3','9.1','0'),(285,'588.5','121.7','60.6','7.5','1'),(290,'588.5','121.7','60.6','7.5','1'),(279,'564.2','121.7','60.6','7.5','1'),(284,'564.2','121.7','60.6','7.5','1'),(273,'539.8','121.7','60.6','7.5','1'),(278,'539.8','121.7','60.6','7.5','1'),(267,'515.5','121.7','60.6','7.5','1'),(272,'515.5','121.7','60.6','7.5','1'),(261,'494.3','121.7','60.6','7.5','1'),(266,'494.3','121.7','60.6','7.5','1'),(990,'Missing','Missing','Missing','Missing','0'),(286,'574.9','226.1','87.7','7.5','1'),(289,'574.9','226.1','87.7','7.5','1'),(280,'550.6','226.1','87.7','7.5','1'),(283,'550.6','226.1','87.7','7.5','1'),(274,'526.2','226.1','87.7','7.5','1'),(277,'526.2','226.1','87.7','7.5','1'),(268,'501.9','226.1','87.7','7.5','1'),(271,'501.9','226.1','87.7','7.5','1'),(262,'480.8','226.1','87.7','7.5','1'),(265,'480.8','226.1','87.7','7.5','1'),(257,'456.4','226.1','87.7','7.5','1'),(260,'456.4','226.1','87.7','7.5','1'),(253,'411','226.1','87.7','7.5','1'),(254,'411','226.1','87.7','7.5','1'),(251,'386.6','226.1','87.7','7.5','1'),(252,'386.6','226.1','87.7','7.5','1'),(249,'362.3','226.1','87.7','7.5','1'),(250,'362.3','226.1','87.7','7.5','1'),(247,'341.2','226.1','87.7','7.5','1'),(248,'341.2','226.1','87.7','7.5','1'),(245,'316.8','226.1','87.7','7.5','1'),(246,'316.8','226.1','87.7','7.5','1'),(243,'293.7','226.1','87.7','7.5','1'),(244,'293.7','226.1','87.7','7.5','1'),(241,'269.4','226.1','87.7','7.5','1'),(242,'269.4','226.1','87.7','7.5','1'),(239,'248.3','226.1','87.7','7.5','1'),(240,'248.3','226.1','87.7','7.5','1'),(237,'223.9','226.1','87.7','7.5','1'),(238,'223.9','226.1','87.7','7.5','1'),(235,'207','232.2','75.5','7.5','1'),(236,'207','232.2','75.5','7.5','1'),(231,'182.2','232.2','75.5','7.5','1'),(234,'182.2','232.2','75.5','7.5','1'),(227,'159','232.2','75.5','7.5','1'),(230,'159','232.2','75.5','7.5','1'),(233,'169','344.8','101.8','7.5','1'),(232,'169','344.8','101.8','7.5','1'),(259,'449.4','343.5','101.8','7.5','1'),(258,'449.4','343.5','101.8','7.5','1'),(264,'473.7','343.5','101.8','7.5','1'),(263,'473.7','343.5','101.8','7.5','1'),(270,'494.8','343.5','101.8','7.5','1'),(269,'494.8','343.5','101.8','7.5','1'),(276,'519.2','343.5','101.8','7.5','1'),(275,'519.2','343.5','101.8','7.5','1'),(281,'550.3','350.2','88.3','7.5','1'),(282,'550.3','350.2','88.3','7.5','1'),(288,'567.9','343.5','101.8','7.5','1'),(287,'567.9','343.5','101.8','7.5','1'),(998,'MISSING','MISSING','MISSING','MISSING','0'),(994,'MISSING','MISSING','MISSING','MISSING','0'),(2102,'574.1','491.9','89.4','7.5','1'),(2103,'574.1','491.9','89.4','7.5','1'),(293,'567.2','601.9','103.2','7.5','1'),(296,'567.2','601.9','103.2','7.5','1'),(2101,'547.7','595.4','90.3','7.5','1'),(2104,'547.7','595.4','90.3','7.5','1'),(2109,'518.5','601.9','103.2','7.5','1'),(2112,'518.5','601.9','103.2','7.5','1'),(2117,'495.7','601.9','103.2','7.5','1'),(2120,'495.7','601.9','103.2','7.5','1'),(2125,'471.4','601.9','103.2','7.5','1'),(2128,'471.4','601.9','103.2','7.5','1'),(2133,'448.6','601.9','103.2','7.5','1'),(2136,'448.6','601.9','103.2','7.5','1'),(2140,'430.8','595.4','90.3','7.5','1'),(2143,'430.8','595.4','90.3','7.5','1'),(2146,'401.6','601.9','103.2','7.5','1'),(2149,'401.6','601.9','103.2','7.5','1'),(2152,'378.8','601.9','103.2','7.5','1'),(2155,'378.8','601.9','103.2','7.5','1'),(2158,'354.5','601.9','103.2','7.5','1'),(2161,'354.5','601.9','103.2','7.5','1'),(2165,'331.7','601.9','103.2','7.5','1'),(2168,'331.7','601.9','103.2','7.5','1'),(2173,'316.5','595.4','90.3','7.5','1'),(2176,'316.5','595.4','90.3','7.5','1'),(800,'284.5','601.9','103.2','7.5','1'),(801,'261.6','601.9','103.2','7.5','1'),(700,'261.6','601.9','103.2','7.5','1'),(292,'573.7','716.8','90.3','7.5','1'),(297,'573.7','716.8','90.3','7.5','1'),(291,'590.2','820','57.1','7.5','1'),(298,'590.2','820','57.1','7.5','1'),(299,'562.6','820','57.1','7.5','1'),(2106,'562.6','820','57.1','7.5','1'),(2107,'541.5','820','57.1','7.5','1'),(2114,'541.5','820','57.1','7.5','1'),(2115,'518.8','820','57.1','7.5','1'),(2122,'518.8','820','57.1','7.5','1'),(2123,'494.5','820','57.1','7.5','1'),(2130,'494.5','820','57.1','7.5','1'),(2131,'471.7','820','57.1','7.5','1'),(2138,'471.7','820','57.1','7.5','1'),(2163,'354.8','820','57.1','7.5','1'),(2170,'354.8','820','57.1','7.5','1'),(2171,'333.1','820','57.1','7.5','1'),(2178,'333.1','820','57.1','7.5','1'),(2179,'307.6','820','57.1','7.5','1'),(803,'307.6','820','57.1','7.5','1'),(804,'284.7','820','57.1','7.5','1'),(2100,'547.7','716.8','90.3','7.5','1'),(2105,'547.7','716.8','90.3','7.5','1'),(2108,'525','716.8','90.3','7.5','1'),(2113,'525','716.8','90.3','7.5','1'),(2116,'502.2','716.8','90.3','7.5','1'),(2121,'502.2','716.8','90.3','7.5','1'),(2124,'477.9','716.8','90.3','7.5','1'),(2129,'477.9','716.8','90.3','7.5','1'),(2132,'455.1','716.8','90.3','7.5','1'),(2137,'455.1','716.8','90.3','7.5','1'),(2139,'430.8','716.8','90.3','7.5','1'),(2144,'430.8','716.8','90.3','7.5','1'),(2145,'408.1','716.8','90.3','7.5','1'),(2150,'408.1','716.8','90.3','7.5','1'),(2151,'385.3','716.8','90.3','7.5','1'),(2156,'385.3','716.8','90.3','7.5','1'),(2157,'361','716.8','90.3','7.5','1'),(2162,'361','716.8','90.3','7.5','1'),(2164,'338.2','716.8','90.3','7.5','1'),(2169,'338.2','716.8','90.3','7.5','1'),(2172,'316.5','716.8','90.3','7.5','1'),(2177,'316.5','716.8','90.3','7.5','1'),(805,'291','716.8','90.3','7.5','1'),(806,'268.1','716.8','90.3','7.5','1'),(701,'268.1','716.8','90.3','7.5','1'),(2111,'557.7','484','73.5','7.5','1'),(2110,'557.7','484','73.5','7.5','1'),(2118,'526.4','490.9','87.4','7.5','1'),(2119,'526.4','490.9','87.4','7.5','1'),(2126,'503.7','490.9','87.4','7.5','1'),(2127,'503.7','490.9','87.4','7.5','1'),(2134,'479.3','490.9','87.4','7.5','1'),(2135,'479.3','490.9','87.4','7.5','1'),(2141,'456.6','490.9','87.4','7.5','1'),(2142,'456.6','490.9','87.4','7.5','1'),(2147,'440.8','484','73.5','7.5','1'),(2148,'440.8','484','73.5','7.5','1'),(2153,'409.5','490.9','87.4','7.5','1'),(2154,'409.5','490.9','87.4','7.5','1'),(991,'386.8','490.9','87.4','7.5','1'),(992,'386.8','490.9','87.4','7.5','1'),(2159,'362.4','490.9','87.4','7.5','1'),(2160,'362.4','490.9','87.4','7.5','1'),(2167,'339.6','490.9','87.4','7.5','1'),(2166,'339.6','490.9','87.4','7.5','1'),(807,'306.1','504.9','59.3','7.5','1'),(808,'282.5','504.9','59.3','7.5','1'),(702,'282.5','504.9','59.3','7.5','1'),(2174,'324.8','483.1','71.8','7.5','1'),(2175,'324.8','483.1','71.8','7.5','1'),(228,'145.8','344.8','101.8','7.5','1'),(229,'145.8','344.8','101.8','7.5','1'),(224,'122.6','344.8','101.8','7.5','1'),(225,'122.6','344.8','101.8','7.5','1'),(220,'99.6','344.8','101.8','7.5','1'),(221,'99.6','344.8','101.8','7.5','1'),(217,'83.2','337.6','87.4','7.5','1'),(216,'83.2','337.6','87.4','7.5','1'),(212,'60.7','337.6','87.4','7.5','1'),(213,'60.7','337.6','87.4','7.5','1'),(26,'32.8','317.4','47.8','8.3','1'),(27,'32.8','317.4','47.8','8.3','1'),(23,'22.6','327.5','28','7.9',''),(22,'22.6','327.5','28','7.9','1'),(223,'137.2','232.2','75.5','7.5','1'),(226,'137.2','232.2','75.5','7.5','1'),(219,'112.8','232.2','75.5','7.5','1'),(222,'112.8','232.2','75.5','7.5','1'),(215,'89.1','232.2','75.5','7.5','1'),(218,'89.1','232.2','75.5','7.5','1'),(211,'65.5','232.2','75.5','7.5','1'),(214,'65.5','232.2','75.5','7.5','1'),(29,'42.4','232.2','75.5','7.5','1'),(210,'42.4','232.2','75.5','7.5','1'),(25,'18.6','232.2','75.5','7.5','1'),(28,'18.6','232.2','75.5','7.5','1'),(21,'-5','232.2','75.5','7.5','1'),(24,'-5','232.2','75.5','7.5','1');
/*!40000 ALTER TABLE `ShelfLocations` ENABLE KEYS */;
UNLOCK TABLES;

--
-- Table structure for table `login`
--

DROP TABLE IF EXISTS `login`;
/*!40101 SET @saved_cs_client     = @@character_set_client */;
/*!40101 SET character_set_client = utf8 */;
CREATE TABLE `login` (
  `Username` varchar(20) NOT NULL,
  `Password` varchar(20) NOT NULL,
  PRIMARY KEY (`Username`)
) ENGINE=MyISAM DEFAULT CHARSET=latin1;
/*!40101 SET character_set_client = @saved_cs_client */;

--
-- Dumping data for table `login`
--

LOCK TABLES `login` WRITE;
/*!40000 ALTER TABLE `login` DISABLE KEYS */;
INSERT INTO `login` VALUES ('CPSProjects17','LibraryPass1'),('lee','mill'),('KristyLee','LibraryAdmin1');
/*!40000 ALTER TABLE `login` ENABLE KEYS */;
UNLOCK TABLES;
/*!40103 SET TIME_ZONE=@OLD_TIME_ZONE */;

/*!40101 SET SQL_MODE=@OLD_SQL_MODE */;
/*!40014 SET FOREIGN_KEY_CHECKS=@OLD_FOREIGN_KEY_CHECKS */;
/*!40014 SET UNIQUE_CHECKS=@OLD_UNIQUE_CHECKS */;
/*!40101 SET CHARACTER_SET_CLIENT=@OLD_CHARACTER_SET_CLIENT */;
/*!40101 SET CHARACTER_SET_RESULTS=@OLD_CHARACTER_SET_RESULTS */;
/*!40101 SET COLLATION_CONNECTION=@OLD_COLLATION_CONNECTION */;
/*!40111 SET SQL_NOTES=@OLD_SQL_NOTES */;

-- Dump completed on 2017-05-17 10:58:57
